oid,Identifier,ra,dec,HA,Alt,Azimuth,Elevation
2649925,BD+00  3384          ,234.58081625849,0.134700699,-1.57046150734107,0.002045797166353829,89.9309144253441,89.8827844566281
7790,BD+44   156          ,11.392068711340004,45.61339141413,2.324916990759115,0.26243725235275583,328.13495481417226,74.96345305317736
7791,BD+44   157          ,11.4268873682,45.58761831416,2.3243092905557865,0.2622408261272852,328.100132228217,74.9747074468825
595354,BD+44  1898          ,145.74366334257,43.83470663107,-0.019960690860584655,1.4384248182035355,173.73747475954917,7.584328770064701
595358,BD+44  1904          ,146.84048222653,44.23721154788,-0.03910379168373673,1.4434113956809702,167.26317098521253,7.298618926392706
2005266,BD+44  2235          ,194.26339332348,44.00939062754001,-0.8667897312060696,0.9852266840534122,82.73192384367947,33.550669140070475
6793787,BD+44  2236          ,194.35680846674,44.0341180704,-0.8684201330271791,0.9844369133928529,82.63163213294591,33.59591966570378
2005268,BD+44  2237          ,194.3576387835,43.94248630453,-0.8684346247884754,0.9836131261190593,82.77348900004858,33.64311919970874
2005279,BD+44  2240          ,194.62619720739,43.72200473624,-0.8731218535193225,0.9787370224860324,82.93524747677174,33.92249935834959
15970,BD+44  3978          ,328.46942090614,45.55201510013999,-3.209126788545813,0.12199023116325862,2.7288506997089597,83.01047461251999
7778,BD+45   188          ,11.08825670293,45.92021550789,2.3302195106129666,0.26542504637296904,328.4781250927365,74.79226506576471
7780,BD+45   197          ,11.70336501054,46.18056030183,2.319483845388802,0.2729474390537526,328.2151600826782,74.36126371331571
595351,BD+45  1761          ,146.63217547064,44.37579514285999,-0.03546815293930777,1.4462700929480337,168.22505479904893,7.1348276380843885
607695,BD+45  2071          ,193.85999890022,44.55988620545,-0.8597491703359993,0.9944155526555214,82.12966249335197,33.02418575066934
607761,BD+45  2072          ,193.93916054855,44.67739052777,-0.8611308017406637,0.9945786693862017,81.89113320977737,33.01483985043339
607696,BD+45  2073          ,194.0108927168,44.44701599918,-0.8623827642562204,0.9918053839931683,82.21064604713801,33.17373739883948
607697,BD+45  2074          ,194.01380339374,44.25781975286,-0.8624335651522856,0.9901177749260273,82.5074870860208,33.27043027585467
496339,BD+45  2340          ,237.4215705444,44.58993396025001,-1.62004202287034,0.5546148778737088,56.79383632123185,58.2229082426729
496340,BD+45  2341          ,237.66241604715,45.01037910206,-1.6242455698819487,0.557410633837902,56.29388523531507,58.062723225376104
496341,BD+45  2344          ,237.96043136182,44.69770541199,-1.6294469183443072,0.5509954646966532,56.394332738116255,58.43028534203222
471025,BD+45  2347          ,238.75276853403997,44.98900073738,-1.6432758107854868,0.5473098710097076,55.69494948386189,58.64145430529426
260168,BD+45  2773          ,281.91881467402,45.41093565458,-2.3966654409959274,0.23649913448661844,29.31014974460656,76.4495977354199
260062,BD+45  2776          ,282.09585416168,45.38953598946001,-2.3997553629616384,0.23522016581413496,29.204558876751797,76.52287724248266
260523,BD+45  2778          ,282.19897358958,45.33984402794,-2.4015551365012664,0.2338907385024136,29.15954901920646,76.59904781661372
9221829,CRTS J165001.1+532913,252.50480578028,53.48740575316,-1.8832941395892697,0.5395856657178121,41.29583232152039,59.0840186686125
1820303,Feige  43            ,172.29549538886,38.14768612762,-0.48337758250488866,1.1610294962389704,113.44428101412319,23.4779099753069
503014,Feige  55            ,181.16056647757,60.53557971312,-0.6381022614262366,1.1859306085310761,51.30009284860934,22.051181335787916
1577313,GD 10                ,16.72481088788,39.51579086332,2.231843081618524,0.2029103581014997,321.55975548275285,78.37409286129589
1546045,GD 11                ,17.34667576891,37.54610508251999,2.2209894919420274,0.17749289385990655,320.12118431619615,79.83040628826387
613993,GD 111               ,151.45423862972,42.8009666566,-0.11962903180437316,1.4005203492206786,148.8857837212964,9.756094867466942
1596611,GD 13                ,22.42771591869,42.471697785180005,2.132308611902341,0.28631363777668534,319.3945519784317,73.59543693835852
2047200,GD 153               ,194.25967704565,22.0312874384,-0.8667248699220174,0.7309863309828084,108.3751464787855,48.11756835293199
1511805,GD 2                 ,1.88441506674,33.291001652720006,2.4908568509966247,0.013746524608179041,329.5750855154173,89.21238215697862
1501084,GD 251               ,353.58695270535,29.31033147041,-3.6475104184164024,-0.09372948406845265,25.1148497817804,95.37030385306103
107213,GD 273               ,16.585077872639996,56.0823589884,2.2342818828082014,0.4487772120983438,330.79489663502386,64.2869598051175
83516,GD 275               ,19.72580724797,52.45381164814,2.179465814294588,0.4136838954741953,326.90582426937044,66.29765873679752
25000,GD 276               ,20.96103038252,47.78730375536,2.157907103599886,0.3536981165033044,323.3956975934817,69.73459070263416
46947,GD 277               ,22.349976953980004,51.14638010416,2.1336654127936217,0.4109744391993483,324.637779491606,66.45289914612148
83518,GD 278               ,22.74195123712,53.36103048006,2.1268241709696847,0.44485556155638156,325.838757667691,64.51165382989714
11682724,GD 279               ,28.01234168009,47.00184754237999,2.0348385048742155,0.3907871604497527,318.7319480625065,67.60954501832745
109935,GD 281               ,30.80383298685,54.80797670196,1.9861177905304543,0.5159514715183492,322.6817211074087,60.43815824843429
174161,GD 283               ,38.87797229243,57.25680454748,1.8451974753833948,0.6012573588618284,320.84911402303334,55.550490936034464
507920,GD 299               ,144.58480253652,55.0972478088,0.0002652457773032804,1.5059179370962819,359.8658740440558,3.7172579113356647
11684328,GD 300               ,148.83111550184,51.61639288223,-0.07384689653765478,1.5246455289772989,83.21813646704155,2.644245936109911
8342352,GD 325               ,204.00759371027,48.479513631140016,-1.03685811092966,0.9199000433587746,70.35151366370891,37.29360994164078
2266205,GD 336               ,217.98598666414,37.10838295356,-1.2808270921122675,0.6607380441159527,75.44547803652749,52.14249870842711
4015980,GD 358               ,251.82663549326003,32.47579522344,-1.871457835191576,0.2667288598210524,56.64838218981736,74.71756205791714
2921859,GD 363               ,264.6485917500099,41.87532889694,-2.095243188418549,0.2929899331441293,42.31568981946181,73.21291339102123
2923302,GD 378               ,275.90421453005,41.06725207402,-2.2916908652927264,0.20408128863644018,35.33621494551758,78.30700348354081
29527,GD 38                ,45.629031565800005,38.01640479785,1.7273692630657922,0.41645061597023514,301.6875327271528,66.13913732928208
30256,GD 391               ,307.48408200518,39.22561086593,-2.8428635300772136,0.031989084210775724,13.18548554860131,88.16716048423397
19837,GD 405               ,349.18282822347,47.45430678656,-3.5706439455399073,0.19302717561910623,16.655630570898325,78.94035750569466
129928,GD 410               ,8.85292842302,60.96978924893,2.369233348960338,0.48498841192709724,337.4942144278021,62.212210883825094
204971,GD 418               ,20.8502230023,64.90479264942,2.159841057220234,0.5949683791548147,334.7976422728729,55.91082293068977
223704,GD 421               ,27.79283617017,67.65868100732,2.0386695987485886,0.6632174976279864,334.49824205236564,52.00043648668869
715907,GD 61                ,69.66405859469,41.15898721037,1.3078789056058315,0.6897514032501809,289.53195272502904,50.4801556805385
740973,GD 64                ,74.34391835745,41.93235553817,1.226199944214069,0.7463527592884759,287.49757878811056,47.23713686482688
1512722,GD 8                 ,9.967357647820002,31.54142585011001,2.3497828897071296,0.03499818591960754,322.6369453818603,87.9947516561923
598225,GD 98                ,134.37689107575,40.2702886066,0.1784269105198036,1.3409412733246584,216.46774897259874,13.169724463598513
2649968,GSC 00351-00168      ,234.74589550026,0.2586154022799999,-1.5733426836366522,0.0019372507591608832,89.72459630235113,89.88900370764156
2649969,GSC 00351-00250      ,234.5287557136,0.27203145551,-1.5695528794223572,0.004485596347251003,89.88587305168917,89.74299426070321
2649970,GSC 00351-00306      ,234.81745703830003,0.14848613566,-1.5745916680932421,-0.00034405774267383935,89.73742241488408,90.01971305656402
1868247,GSC 04932-00166      ,179.2534439618,-0.43373164925,-0.6048166942871327,0.5322838318506868,138.70846193932928,59.502382931904464
1868249,GSC 04932-00294      ,179.33470689695,-0.35025792179,-0.6062350000653347,0.5330261750179771,138.58256726383667,59.45984980146835
1868253,GSC 04932-00627      ,179.25783323946,-0.44971152975,-0.6048933016340841,0.5319981336764144,138.71145837517196,59.51875223150486
2636554,GSC 05049-00421      ,249.52010561477,-0.58523251855,-1.8312012945163,-0.16948380200070387,78.60281369464792,99.71070655047123
2636555,GSC 05049-00599      ,249.44087994279,-0.47326925,-1.8298185456881442,-0.1670921413934127,78.59688546760886,99.57367449164575
7779,HD   4297            ,11.465920938869996,45.8957795051,2.323628026228785,0.2672074089668508,328.2258740644374,74.6901432115733
7781,HD   4461            ,11.80185239329,46.18250656301,2.3177649162881426,0.2735429304677155,328.1538113467781,74.32714456855936
384987,HD  47881            ,100.74464771419,44.64792202162,0.7654202920110313,1.0536970541965127,274.3857552976862,29.627605909172253
384988,HD  47913            ,100.78055933637002,44.84242574932999,0.7647935159642577,1.0557242073795245,274.70611149163733,29.511458587359165
384991,HD  48028            ,100.90434732078002,44.722425482750005,0.7626330080618958,1.0560604589964337,274.4066404879874,29.492192788855817
384992,HD  48051            ,100.92389074628,44.51260711587,0.762291910939803,1.0544964868248121,274.0207658616454,29.581801793565646
898643,HD  48052            ,100.90930335068,44.41976077041,0.7625465090223137,1.053546179282013,273.86710175263056,29.63625040500748
384993,HD  48209            ,101.13217370871,44.56829807885,0.7586566874695918,1.0572329859293268,273.97283257408947,29.425011944235628
595353,HD  83697            ,145.39219556609,44.20704318471,-0.013826420946345544,1.4452625722778192,175.45988375735158,7.192554320259873
595349,HD  84219            ,146.22097594761,44.41875891421,-0.0282913673798039,1.4478365567436482,170.51841677581837,7.0450758738356285
607694,HD 112297            ,193.79307111877,44.29134248758,-0.8585810601886416,0.9927962617735949,82.59972733493174,33.11696428400774
496344,HD 141930            ,237.45816032106052,44.522079034160505,-1.6206806349456353,0.553475774199761,56.831473656253365,58.28817407561796
471023,HD 142592            ,238.37026206751,44.95854021125,-1.6365998135343693,0.5503934245491433,55.937834558937055,58.464779701581975
471024,HD 142741            ,238.58260819684,44.91854706206001,-1.6403059526450436,0.548001089546456,55.85164152643874,58.601850400417376
260065,HD 174600            ,282.27964724208,45.32132478193,-2.402963157357001,0.23317137554223155,29.1152091999139,76.64026427817018
151821,IRAS 03415+4454      ,56.24734422651999,45.06330802395,1.5420447461300288,0.6013401312647768,301.1035017545032,55.545748426685364
397670,IRAS 06415+4434      ,101.30510353496,44.515701585360006,0.7556384926266275,1.0586659815727664,273.7569831098593,29.342907341805905
1666086,KUV 10022+3901       ,151.29116853872,38.77088651064,-0.11678292180489624,1.3360245899786816,157.01298934365673,13.45142966852525
1819548,KUV 11337+3946       ,174.10162806429,39.492744454850005,-0.5149005444189964,1.15825135827956,108.58895988955733,23.63708555528622
151859,LS   V +45    3      ,55.98515654437,45.16151727733,1.5466207844417186,0.6000189921659672,301.34027210422624,55.62144412119687
386468,MCG+09-27-100        ,252.54843264993,53.44705590866,-1.8840555721070003,0.538763623238996,41.30652522763578,59.13111823322913
5200102,NSVS   4818255       ,130.24333638219,39.94105497594,0.2505710497336909,1.3061773748278622,226.62573232751893,15.161549126886115
578866,PG 0837+401          ,130.25547596571,39.93836896773,0.2503591740314461,1.3062356747697654,226.59096021574035,15.158208786269213
578901,PG 0839+399          ,130.80294612902,39.74716900373,0.24080401712525537,1.3077919882282572,224.85310454370307,15.06903859349822
466846,PG 0846+558          ,132.4629583243,55.58739672895,0.2118313386943605,1.4252059421110126,305.0116679656434,8.341714580072647
615126,PG 0953+414          ,149.21830481458,41.25616979101,-0.08060462487350166,1.3856357413106446,160.80505571043503,10.608920080418926
1666101,PG 1000+408          ,150.97612611294,40.57170042543,-0.11128439419156526,1.367109377746782,155.35308590846728,11.6704025223532
610763,PG 1126+469          ,172.36944316546,46.59214692179,-0.4846682146810882,1.2441161575095414,93.8651623199987,18.717394950670112
568708,PG 1210+533          ,183.35266041961,53.06589761909001,-0.6763615182278564,1.1604977131355918,70.55726729816621,23.50837890274687
606765,PG 1314+442          ,199.13796327225,43.984849719340005,-0.9518670264308777,0.9325414178446075,79.62408619905534,36.5693125363582
500806,PG 1343+578          ,206.25589501965,57.50355717255,-1.0760983713552412,0.9582218755587799,55.321883185186444,35.097930693371936
582070,PG 1430+427          ,218.14120713926,42.50530692146,-1.2835362004696214,0.7185072132788761,69.91472000392488,48.832569129414296
2885719,PG 1636+351          ,249.60966041065,35.0033029486,-1.8327643205653579,0.32126584036683203,56.49465502549812,71.59282324525688
386384,PG 1648+536          ,252.49937730603,53.52547752705001,-1.8831993948402472,0.5401041107216371,41.26781666407451,59.05431395798368
2649942,TYC  350-676-1       ,234.35762288881995,0.30939625417,-1.5665660481717067,0.006859346588314048,89.99625700833938,89.60698839027215
2649966,TYC  351-14-1        ,234.7331028802,0.1633763754799999,-1.5731194102966486,0.0007778961412707421,89.79403476599333,89.95542983420567
6777379,TYC 2902-2791-1      ,74.35941067864,41.93116422962,1.225929552200527,0.7465012507485909,287.48686437920765,47.22862893086856
385062,TYC 2953-1150-1      ,100.71385392437,44.85512559621,0.7659577450325573,1.055106396668804,274.7747613648476,29.546856533621437
6786150,TYC 2953-1248-1      ,101.16579292003,44.80712670978001,0.758069921540134,1.0596118149255596,274.3758327972563,29.288715082568146
385063,TYC 2953-1251-1      ,100.59625219535,44.7984378686,0.7680102824099945,1.0533543135744377,274.75525180438717,29.647243500284844
385064,TYC 2953-1690-1      ,100.66421269812,44.52980997423,0.7668241478753474,1.0518213848293427,274.23352266570384,29.735073847673064
6786132,TYC 2953-989-1       ,100.78865301295,44.66771686047001,0.7646522546593456,1.0543423485069696,274.3901231393158,29.590633268639266
6790759,TYC 2998-453-1       ,145.50526705457,44.19621007402,-0.015799890710452184,1.444969668355202,174.82134484951317,7.209336478828661
595581,TYC 2998-498-1       ,145.53494386532,44.54919053903,-0.016317848769531008,1.4510793359178775,174.4125677713505,6.859278313259367
595587,TYC 2998-959-1       ,145.70531813366,43.82662773101,-0.019291440712740308,1.438329212239196,173.9517554940363,7.589806588317643
595600,TYC 2999-181-1       ,146.8330926102,44.40792884721,-0.03897481854831881,1.4463522719815278,167.04074030134163,7.130119126300713
6790860,TYC 2999-381-1       ,146.72335387672,44.41825131251,-0.03705951633212451,1.446791037797289,167.64573259330362,7.104979696862969
6790842,TYC 2999-77-1        ,146.7689123177,44.37532198912,-0.03785466112930082,1.4459481879277765,167.45327866832068,7.1532714371492006
2005569,TYC 3023-1691-1      ,194.65271037598,43.72646691673,-0.8735845956063546,0.978490522419116,82.91071155155805,33.93662277183359
2005566,TYC 3023-1747-1      ,194.32141575569,44.01680343165,-0.8678024136881495,0.9846655657625825,82.68197763770004,33.58281884994261
2005564,TYC 3023-1899-1      ,194.16806596097,43.94271292845,-0.8651259548630283,0.9856641369693522,82.89902858207495,33.525604934251426
6793798,TYC 3023-1974-1      ,194.153299162,44.24989042025,-0.8648682256010214,0.9885415823469094,82.42833441764726,33.36073945833797
607771,TYC 3023-2287-1      ,193.78576784061,44.38707177032,-0.8584535939385604,0.9937127366719117,82.45280858683536,33.06445414030451
6793813,TYC 3023-2325-1      ,193.95883228685,44.70630162479999,-0.8614741383435892,0.9946160938296589,81.83231950975852,33.01269558777267
582075,TYC 3042-267-1       ,218.08579009303,42.5066850806,-1.2825689905511781,0.7190888254618717,69.94617613840059,48.799245206015264
6795401,TYC 3042-464-1       ,218.16431620198,42.51111243231001,-1.2839395297011356,0.7183322468414868,69.89486586375835,48.842593967833146
6795424,TYC 3042-692-1       ,218.19480932679,42.53867015052,-1.2844717351282915,0.7183120114712459,69.84766194518069,48.843753369144835
6797081,TYC 3060-1007-1      ,237.63826882190995,44.96839287217,-1.623824121296289,0.5571321464726994,56.34387360043148,58.078679376049934
496484,TYC 3060-1198-1      ,237.98833614158,44.59060935745,-1.6299339486281628,0.5494666058588081,56.47027551223509,58.51788250091202
6797048,TYC 3060-193-1       ,237.45491291666667,44.46486861111112,-1.620623957046819,0.5528257832122099,56.882586806345245,58.32541581592618
496479,TYC 3060-534-1       ,237.50755607908,44.55131450633,-1.6215427535595937,0.55337272617328,56.77812852207105,58.29407829262247
6802137,TYC 3108-79-1        ,275.9588308508,41.11220802527,-2.2926440999151385,0.20442634642871976,35.27733168316261,78.28723312835508
6813104,TYC 3152-125-1       ,307.40492747283,39.28821568674999,-2.8414820228698296,0.03326009215934147,13.234221433693037,88.09433709305357
6813332,TYC 3152-2107-1      ,307.43183497470994,39.28832597288,-2.8419516473711206,0.03319493101402396,13.213721612410149,88.0980705516685
6813130,TYC 3152-273-1       ,307.48043384272,39.2369622469,-2.8427998576306384,0.03219289315838288,13.186177179256418,88.15548309170907
6813443,TYC 3153-533-1       ,307.51217944992,39.25103526578,-2.8433539229993228,0.032355526932670166,13.159411127450461,88.14616486283613
7950,TYC 3249-769-1       ,11.18515651263,45.83082572615,2.328528289889146,0.264600173253455,328.3729231712206,74.83952681414667
7953,TYC 3249-846-1       ,11.20634053479,45.74940459606001,2.328158558953638,0.2634667521878463,328.31979499814304,74.90446705761725
8039,TYC 3262-1236-1      ,11.79784742596,45.88966617871,2.3178348161544857,0.26902317825609484,328.0118664475586,74.58610729473014
8041,TYC 3262-1341-1      ,11.48592936747,46.07593596309,2.323278813271565,0.2700932444988769,328.30145681708007,74.52479701521932
8047,TYC 3262-1655-1      ,11.58961978541,46.10840022359,2.321469074075743,0.27118633015221416,328.2516602262036,74.4621678206368
8049,TYC 3262-1757-1      ,11.40797729221,45.94857478806001,2.324639333643614,0.2676876534143541,328.28855848783104,74.66262723159677
8052,TYC 3262-1889-1      ,11.605284875869998,46.0473768184,2.321195666669593,0.27033819980144264,328.211727678862,74.51076211021295
6838328,TYC 3262-819-1       ,11.3076366935,45.79669227798,2.326390607464526,0.26477499921278425,328.27823398432105,74.82951002452776
8036,TYC 3262-924-1       ,11.49907869127,45.80364248567,2.323049314276844,0.26598033940326193,328.1596623266883,74.7604491187359
8037,TYC 3262-956-1       ,11.64378529853,45.84738081115,2.320523707530767,0.26748536955938584,328.08900624754295,74.67421724275009
6838341,TYC 3262-969-1       ,11.7850749067,45.904609389860006,2.3180577386693475,0.26917899577308774,328.02734360758194,74.57717960863225
25882,TYC 3283-1238-1      ,27.981337539290003,47.02703620639,2.0353796292129274,0.39091497706221345,318.76662060012654,67.60222166588179
6842623,TYC 3283-1242-1      ,28.01004037695,47.02819460425,2.034878670191095,0.39113722169055726,318.75050478789996,67.58948798665823
151601,TYC 3313-1032-1      ,56.22255001108999,45.50719269289,1.542477486824731,0.6061635801439071,301.52598854091264,55.26938516321409
151947,TYC 3313-281-1       ,56.17557270578,45.07876159122001,1.5432973954761051,0.6008472701979534,301.1578711138966,55.57398728570067
151948,TYC 3313-312-1       ,56.02136446842,45.100832092740006,1.545988836951734,0.5996626318358698,301.26443683622875,55.641862064097346
151586,TYC 3313-518-1       ,56.09587952001999,45.39381839925001,1.5446883039590207,0.603697710910537,301.49183654422603,55.41066906311736
6848504,TYC 3313-692-1       ,56.15400401427,45.29975230323,1.5436738401583017,0.6031666638838707,301.37289475255795,55.441095816468305
6848509,TYC 3313-753-1       ,56.23477631168,45.31665659893,1.5422640976240969,0.6041105261263479,301.34343656016574,55.38701649353261
6848518,TYC 3313-858-1       ,56.18292093079,45.30035361896,1.5431691447555032,0.6034424874349144,301.3573276827596,55.4252922911032
151950,TYC 3326-163-1       ,56.44064043982,45.42612361859,1.5386710907763066,0.6072702358699115,301.32991648635743,55.205978460740056
151951,TYC 3326-201-1       ,56.26841500283,45.29678734239,1.5416769917074682,0.6041973980507311,301.30638649296117,55.38203909890727
6849675,TYC 3326-421-1       ,56.41369829999999,45.4701934,1.5391413198236983,0.607519758733563,301.3856578533401,55.191681853760805
151953,TYC 3326-641-1       ,56.48490725813,45.24553394529,1.537898489047415,0.6056311623683771,301.13840819130456,55.2998904546897
610860,TYC 3451-1122-1      ,172.30942183481,46.57293438193,-0.48362064483981726,1.2446265271149999,93.97390429885361,18.688152926285596
6867361,TYC 3466-388-1       ,204.11572229799,48.49184911965,-1.038745310800906,0.9188905421159553,70.27881062507831,37.351450102267535
260236,TYC 3540-209-1       ,282.41993839093,45.15194717002,-2.4054116998158386,0.22976066007350204,29.098660684227962,76.83568387964837
260237,TYC 3540-212-1       ,281.8940836699321,45.181558824513,-2.3962338035472697,0.23302680657545224,29.428885718971657,76.64854746981521
260503,TYC 3540-2639-1      ,282.13543733699,45.41967868958,-2.400446219699192,0.23548398791577216,29.165367547439107,76.50776134951657
260293,TYC 3540-2710-1      ,282.22439963399,45.42498702230999,-2.401998904691979,0.2350956677566681,29.105124684565933,76.53001045573309
260520,TYC 3540-2721-1      ,282.19621077249,45.40549914536,-2.4015069162464155,0.2349384553545254,29.132138713229313,76.53901806286298
6875398,TYC 3540-301-1       ,282.71039214979,45.16011444232999,-2.4104810742327394,0.22835535526104817,28.90509639603776,76.9162019143314
260575,TYC 3540-3091-1      ,282.40717340278,45.24000446689,-2.4051889087436438,0.23121541116324792,29.068058848154056,76.75233278196387
260538,TYC 3540-36-1        ,282.2683468953,45.23716590758,-2.402765929099073,0.23190652487163316,29.159932539601606,76.71273488330976
260240,TYC 3540-424-1       ,282.70364171894994,45.14541321331,-2.4103632569886524,0.22815899402462475,28.91597145032032,76.92745258443843
260234,TYC 3540-70-1        ,282.44412939125,45.22562194423001,-2.4058339124207735,0.23079330033451714,29.05028772822773,76.77651795093692
6892177,TYC 3604-12-1        ,328.54352943731,45.27531158007,-3.210420226418546,0.11720416206409769,2.7931358185306934,83.28469617235989
6892189,TYC 3604-146-1       ,328.63168757307,45.23094536706001,-3.2119588761499784,0.1164779022189891,2.8575155705820694,83.32630779631444
16349,TYC 3604-160-1       ,328.57580395673,45.2562734058,-3.2109835230469246,0.11688940152400884,2.8168180791450186,83.30273062286425
16353,TYC 3604-222-1       ,328.5524358613,45.24348313301,-3.2105756728417507,0.11665390553260911,2.8008288744884893,83.3162235492637
16362,TYC 3604-362-1       ,328.52069897387,45.22043473915001,-3.2100217596617626,0.1162351807801228,2.779348226054369,83.34021471035882
6936232,TYC 3834-178-1       ,183.32801300783,53.04825767711,-0.6759313397402007,1.160688803595477,70.60808686563061,23.49743022589024
503164,TYC 4154-408-1       ,181.32502794731,60.61330036651,-0.6409726555658685,1.1843453589097839,51.1253829041295,22.142009448562675
1868218,TYC 4932-345-1       ,179.19232283325,-0.3874215986800001,-0.6037499293514003,0.5334595995532913,138.75099153505295,59.435016404857436
1868251,TYC 4932-504-1       ,179.12861400413,-0.54376762805,-0.6026380005206657,0.531428855870789,138.89297660203354,59.55136944713767
2636551,TYC 5049-241-1       ,249.45732677235,-0.37195048738,-1.8301055970154807,-0.16586891538042955,78.5208409353414,99.5035888037112
9221705,UCAC4 608-001920     ,9.92069822786,31.545702603319995,2.3505972502125028,0.034756731797207854,322.6744938034705,88.00858595835184
9221704,UCAC4 609-001876     ,9.9047749556,31.61760622855,2.3508751637411307,0.03577606884255667,322.718602358727,87.95018224775202
9221706,UCAC4 609-001882     ,9.93691813687,31.610123073990003,2.350314159395904,0.03587121404996201,322.6907354534245,87.9447308289268
9221826,UCAC4 612-053329     ,251.84676860087,32.39365544305001,-1.8718092242080284,0.265418391346496,56.68713617160388,74.79264637069417
9221825,UCAC4 613-056337     ,251.84297997117,32.42536057693,-1.8717431001456244,0.26588801869216877,56.66944443483764,74.76573870584319
9221699,UCAC4 617-000374     ,1.85617680551,33.31671818572,2.4913497016301265,0.014006354759550034,329.60665919550183,89.19749498591482
9221700,UCAC4 617-000376     ,1.85905520319,33.30533139991,2.4912994641134283,0.013838220297126835,329.6001284069061,89.20712838100236
9221701,UCAC4 617-000382     ,1.884810796,33.33741771828001,2.4908499442180907,0.014498670273221272,329.59233255726167,89.16928738479264
9221702,UCAC4 617-000386     ,1.90279583751,33.29494485107,2.4905360460276333,0.013911652319593638,329.56235287438926,89.2029210360339
9221703,UCAC4 617-000392     ,1.92347344069,33.29926896255,2.4901751537707217,0.01409564810062844,329.54798954696827,89.19237885433239
9221824,UCAC4 625-052116     ,249.61588865427,34.99628877998,-1.8328730239231432,0.3211147296761611,56.49519939920563,71.60148125007164
9221811,UCAC4 636-050218     ,217.94301526801,37.12964144291,-1.2800770997656201,0.6614332991712862,75.45340513115849,52.10266352807137
9221812,UCAC4 636-050220     ,217.96199920537,37.08818078614,-1.2804084319775448,0.6607607938221222,75.4806805213454,52.14119524627844
9221813,UCAC4 636-050222     ,218.0144369363,37.07221653926,-1.281323643034548,0.6600258767726745,75.4613972431548,52.183302891504
9221788,UCAC4 641-047820     ,172.35829960678,38.10333239721001,-0.48447372289173296,1.1598710338314924,113.44029948248279,23.54428498197997
9221789,UCAC4 641-047822     ,172.37457786787,38.15391581234,-0.4847578321442524,1.1603132589390468,113.32605126406372,23.51894734972238
9221790,UCAC4 641-047825     ,172.39772840829,38.13682632842,-0.48516188529819754,1.1598774391733622,113.3260190417705,23.543917982924484
9221783,UCAC4 644-047205     ,151.27884263694,38.78727434164,-0.11656779423555777,1.3363486994027576,157.03021922385489,13.432859566425279
9221784,UCAC4 644-047208     ,151.32206759484,38.79309362074,-0.11732221206994885,1.3362608410633097,156.8846716454099,13.43789347847067
9221785,UCAC4 645-048159     ,151.32718543785,38.80318217549,-0.1174115352810735,1.336406078962398,156.8547133929345,13.42957195982757
9221848,UCAC4 647-088844     ,307.4395667218,39.30395807386,-2.842086591814774,0.03344384275170299,13.204954814920967,88.08380895962823
9221532,UCAC4 647-088846     ,307.44160687234,39.27637586092,-2.842122199158933,0.03296560632056874,13.208486734596635,88.11120988874163
9221849,UCAC4 647-088850     ,307.46332,39.238991,-2.8425011647275062,0.03227024528512706,13.198839643426481,88.15105114131028
9221850,UCAC4 647-088853     ,307.47515359927,39.2287331497,-2.842707699997129,0.03206484058586346,13.191713236166413,88.16281996367023
9221713,UCAC4 648-004232     ,16.74419248571,39.51475602646,2.231504808922093,0.20302602987389504,321.5460308997088,78.36746535692885
9221714,UCAC4 648-004235     ,16.75153454247,39.52640549791,2.2313766658577627,0.20325147565829718,321.54701850484213,78.35454826497359
9221715,UCAC4 648-004238     ,16.77240950604,39.52454612054,2.2310123290122323,0.20336487142489046,321.531856628431,78.34805116613315
9221764,UCAC4 649-046824     ,130.79088677758,39.77087056478,0.24101449251353851,1.3080382812167,224.9346068122402,15.054927044736786
9221762,UCAC4 650-048271     ,130.25066377014,39.93180156411,0.25044316268839245,1.306105157705446,226.58748912261404,15.165686863209146
9221763,UCAC4 650-048273     ,130.26873473222,39.95154757885,0.25012776490109334,1.3065260719094023,226.58941988094105,15.141570255785354
9221767,UCAC4 652-048948     ,134.29079042348,40.30977039286,0.17992965039002995,1.3409829385828145,216.80395342797183,13.167337220153854
9221768,UCAC4 652-048951     ,134.32422594754,40.29831506986,0.17934609040805322,1.3410264994235246,216.68171843246796,13.164841367829112
9221781,UCAC4 653-052684     ,150.97292645158,40.53387835194,-0.11122854956588467,1.3665035973842896,155.42823054811976,11.705111180435921
9221782,UCAC4 653-052693     ,151.02630422117,40.59041681411,-0.11216016739260082,1.3671872378012175,155.14431476610136,11.665941469841385
9221741,UCAC4 656-023484     ,69.61326973543,41.16880495089999,1.3087653384232507,0.689336995252646,289.5728279059976,50.50389950979372
9221742,UCAC4 656-023493     ,69.62134643509,41.18345495259,1.3086243734214889,0.6895794864095909,289.5827443363534,50.49000578993153
9221743,UCAC4 656-023535     ,69.67306707087,41.18088333817,1.3077216780359031,0.6900823656529541,289.5486490684263,50.461192931682085
9221835,UCAC4 656-064727     ,275.87875868928,41.06951878582001,-2.291246577057426,0.20427643503190812,35.35231153179383,78.2958224186933
9221533,UCAC4 657-052454     ,149.23824394463,41.28053181204,-0.08095262834285759,1.3859730706972342,160.6904273926063,10.589592530261612
9221780,UCAC4 657-052455     ,149.24329628522,41.21769363204,-0.08104080832108522,1.384900145519555,160.7640292751884,10.651066614675955
9221744,UCAC4 660-028861     ,74.28464731272,41.92024173243,1.2272344190957043,0.7456101597885268,287.5204059107826,47.279684682042486
9221745,UCAC4 660-028892     ,74.32638710462,41.92447573227,1.226505922297952,0.7460881237797233,287.49964755193645,47.2522993625877
9221746,UCAC4 660-028906     ,74.33904265952,41.90654093514001,1.22628504119628,0.746031807099446,287.472415579982,47.25552607068378
9221747,UCAC4 660-028922     ,74.35547270554,41.92516204372,1.2259982827969769,0.7463975037099577,287.4827156766403,47.23457319831922
9221748,UCAC4 660-028940     ,74.36960860091,41.93068017865,1.225751564880053,0.7466021433492602,287.4801382031863,47.22284821066611
9221831,UCAC4 660-062324     ,264.61050129794995,41.88903187537001,-2.0945783846165296,0.29346673815539176,42.33206305835537,73.1855944762252
9221832,UCAC4 660-062339     ,264.6407941447,41.89185251132,-2.09510709453212,0.2932851905820914,42.31095499087653,73.19599638595616
9221833,UCAC4 660-062340     ,264.64598685284,41.89948840136,-2.095197724386258,0.2933571308699871,42.30311986693732,73.19187451108279
9221834,UCAC4 660-062349     ,264.69952079014,41.90254076797,-2.0961320678536994,0.2930087455526884,42.26695707470862,73.21183551940833
9221719,UCAC4 663-006350     ,22.41986360469,42.46526240068,2.132445660635541,0.2861642127104581,319.39589759290527,73.6039983640068
9221786,UCAC4 664-055399     ,151.4383809853,42.78040739552999,-0.11935226369763349,1.4002870260264355,149.0006504837458,9.769463301759586
9221787,UCAC4 664-055402     ,151.51149306901,42.76197256419,-0.12062831028136647,1.399586404809937,148.76474861430836,9.80960594050228
9221800,UCAC4 670-057695     ,194.1216068371,43.90199964861,-0.8643150901839045,0.9858037827721224,82.99335153608003,33.51760381912597
9221801,UCAC4 670-057697     ,194.1333311627,43.94586522996,-0.8645197182682004,0.9860676803080447,82.91721397341736,33.502483604093726
9221802,UCAC4 670-057698     ,194.14290441628,43.90944900878,-0.8646868030633,0.9856399052818963,82.96756619515779,33.52699330767312
9221807,UCAC4 670-057946     ,199.13322868944,43.97075535724,-0.9517843923721346,0.9324638455326976,79.64725126839876,36.57375710243771
9221798,UCAC4 671-056966     ,194.03728563664,44.01528034908,-0.8628434076066437,0.9877226598491453,82.87265359788765,33.40766026120816
9221799,UCAC4 671-056967     ,194.04757097077,44.00901088318,-0.86302292055188,0.9875558563322231,82.87562924920294,33.417217398735744
9221804,UCAC4 671-056976     ,194.14674590512,44.04041725533,-0.8647538496917367,0.9867625490911262,82.76077882218453,33.46267055550776
9221805,UCAC4 671-056978     ,194.23035641937,44.08350472139,-0.8662131284546846,0.9862409125879922,82.63818456676736,33.492558125577304
9221806,UCAC4 671-056981     ,194.25201899519,44.084106197980006,-0.8665912117272068,0.9860122066053862,82.62294071689463,33.505662013130014
9221797,UCAC4 672-055958     ,193.78147753033,44.38725524464,-0.8583787138982423,0.9937606706842429,82.4553292425269,33.06170772370281
9221803,UCAC4 672-055984     ,194.14315966194,44.25068644232001,-0.8646912579404682,0.9886580754337756,82.43373971186702,33.35406489611808
9221758,UCAC4 673-048807     ,101.31735911792002,44.53462074056,0.7554245923522238,1.0589599103551144,273.7820378741791,29.32606646309994
9221759,UCAC4 673-048808     ,101.32163135176002,44.46198483704,0.7553500278053008,1.0583885439243694,273.64957216084304,29.358803348137087
9221814,UCAC4 673-060759     ,237.97660828703,44.54141944149,-1.6297292589520702,0.5489868370925985,56.51909472528137,58.54537122635803
9221815,UCAC4 673-060761     ,237.98634777591,44.5568388586,-1.6298992451004877,0.549082163606886,56.50033428256096,58.53990941941366
9221816,UCAC4 673-060765     ,238.01737616699,44.41619214962,-1.6304407926864302,0.5471224047740402,56.60289928522197,58.65219532939922
9221817,UCAC4 673-060766     ,238.02103164000997,44.43351746717,-1.6305045927263464,0.5472959634355354,56.58600719159933,58.6422511505976
9221818,UCAC4 673-060767     ,238.02110794522,44.50037825087,-1.6305059245034978,0.54809307607007,56.52880924807929,58.59657996084221
9221819,UCAC4 673-060768     ,238.05362219573,44.47522934887,-1.6310734052287155,0.5474975447938105,56.531733945820555,58.63070138953992
9221820,UCAC4 673-060769     ,238.05743408756,44.48216713577,-1.6311399352918792,0.5475457041623805,56.52362662499476,58.62794206097685
9221821,UCAC4 673-060771     ,238.09805947043003,44.50647194527,-1.6318489819828443,0.547466729551065,56.47964772020704,58.63246697289391
9221822,UCAC4 673-060772     ,238.10114855631,44.43333023822,-1.6319028967023266,0.546565419582952,56.540348696115515,58.68410823009985
9221749,UCAC4 674-047021     ,101.02398342453002,44.78961595218,0.7605449641472007,1.0579247314064097,274.4431769488722,29.38537784790151
9221750,UCAC4 674-047037     ,101.05891359624002,44.7783527149,0.7599353176425743,1.0582095700549823,274.39874073918037,29.36905779549609
9221751,UCAC4 674-047038     ,101.06221979312,44.794868503,0.7598776136212996,1.058384083465908,274.4259716974483,29.35905891358162
9221752,UCAC4 674-047043     ,101.08115196949,44.79306345027,0.7595471848090748,1.0585745662931894,274.40956930624765,29.348145051508673
9221753,UCAC4 674-047047     ,101.09041072499,44.79547215150001,0.7593855890409626,1.0586953333327793,274.40743572523365,29.34122560983588
9221754,UCAC4 674-047049     ,101.10343477621,44.7716077779,0.7591582764652253,1.058636513488708,274.35566526714706,29.344595738652792
9221756,UCAC4 674-047059     ,101.13687853248,44.78841299919,0.7585745728040793,1.0591408328275367,274.3624391288064,29.315700369011076
9221757,UCAC4 674-047066     ,101.15931806857002,44.77915095426,0.7581829290166883,1.0593068562976151,274.33020816005353,29.306187924875466
9221769,UCAC4 674-053607     ,146.77188548236,44.68405819527,-0.037906552641821856,1.4512271565978432,166.94490259599453,6.850808812172588
9221770,UCAC4 674-053609     ,146.78422844346,44.66878208312999,-0.03812197795246225,1.4509354242545915,166.89828128060776,6.867523844188369
9221771,UCAC4 674-053612     ,146.82041614558,44.63900452661,-0.038753572503187235,1.4503363187576914,166.73757591038617,6.901850060643824
9221772,UCAC4 674-053613     ,146.83254253035,44.67408559832,-0.03896521784378741,1.4509054939480808,166.60792679927286,6.869238724430971
9221773,UCAC4 674-053614     ,146.83401318708,44.68563286049,-0.0389908856458924,1.4510990992803967,166.579695076581,6.85814595599804
9221774,UCAC4 674-053616     ,146.85143891327,44.66217875873,-0.039295021942458874,1.4506542139501521,166.51832176236493,6.883636007788326
9221775,UCAC4 674-053617     ,146.85147528486,44.63239150568,-0.039295656746458546,1.4501451854488294,166.56874262246694,6.912801192565993
9221776,UCAC4 674-053618     ,146.85803816402,44.69278469909,-0.03941020059621132,1.4511601933801646,166.42738358860575,6.854645521928191
9221777,UCAC4 674-053620     ,146.87713471287,44.66676924193,-0.03974349824941178,1.4506669871113675,166.36121096070335,6.882904159559644
9221755,UCAC4 675-047912     ,101.10761709045002,44.80599787225,0.7590852813113838,1.0589704775458912,274.4143058382612,29.325461007667123
9221823,UCAC4 675-059600     ,238.80745882688,44.97093756574,-1.6442303364644253,0.5466019200808868,55.67935034025212,58.68201690561806
9221733,UCAC4 676-021990     ,55.96651681924,45.16737151561001,1.5469461090169039,0.599912462004315,301.35605730745965,55.62754784985039
9221836,UCAC4 676-065650     ,281.89873413332,45.17613220255001,-2.396314969445131,0.23291663609078456,29.42827860171443,76.65485977361358
9221837,UCAC4 676-065972     ,282.60110347817,45.10262745322,-2.4085736270778395,0.228025037008822,29.001898846975134,76.93512775608009
9221838,UCAC4 676-065975     ,282.6064079545599,45.10177113048,-2.4086662076559384,0.22798351970033598,28.99880321980811,76.93750652263309
9221839,UCAC4 676-065978     ,282.61254072593,45.13219397544,-2.408773244708618,0.22843085792035847,28.98140060400847,76.9118759306109
9221840,UCAC4 676-065984     ,282.6295919025599,45.16027691717,-2.4090708438821493,0.22878372578458867,28.957886436801598,76.89165809126472
9221841,UCAC4 676-065986     ,282.6383681425,45.17864044723,-2.4092240181650486,0.2290270298911939,28.944065967997783,76.87771779281805
9221842,UCAC4 676-065988     ,282.64259768693,45.12403430829,-2.4092978376412115,0.228143578025259,28.965320022413604,76.92833585613907
9221843,UCAC4 676-065991     ,282.65122681573,45.15189431206999,-2.4094484443503505,0.22853744184720223,28.947420564830942,76.90576912143882
9221844,UCAC4 676-066001     ,282.67390307877,45.11028122341,-2.409844219802447,0.2277615516361538,28.950873250344884,76.95022435589742
9221845,UCAC4 676-066009     ,282.68872064338,45.12838188539,-2.4101028350920184,0.22796895027390454,28.93321954768216,76.93834128927753
9221846,UCAC4 676-066011     ,282.69232134714,45.09804435771,-2.4101656792280193,0.22747141764346146,28.944189223808685,76.96684780917197
9221847,UCAC4 676-066013     ,282.69383311818,45.10319516628999,-2.4101920646102033,0.22754470015901665,28.9409368510306,76.96264903031856
9221760,UCAC4 677-049881     ,127.54289845657,45.31947561708,0.29770258278148554,1.347199021743297,248.45944396669626,12.811181889955861
9221761,UCAC4 677-049885     ,127.56816492017,45.33063384099,0.29726159980133016,1.3475648880124558,248.45580223522097,12.790219296866866
9221734,UCAC4 678-023058     ,56.36305538412,45.47962403311,1.5400252054486148,0.6071559238659661,301.42250368917945,55.21252805611381
9221735,UCAC4 678-023063     ,56.38143516398,45.45553454901,1.539704417774266,0.6070533551329806,301.3900165418904,55.21840481162388
9221736,UCAC4 678-023069     ,56.38910269841999,45.45360030216,1.5395705940527782,0.607102701352966,301.3839682672329,55.2155774814838
9221737,UCAC4 678-023079     ,56.39926896361,45.4087456055,1.5393931592525816,0.6066879844670481,301.33684635146864,55.2393390087397
9221738,UCAC4 678-023084     ,56.410816,45.420952,1.5391916254487286,0.6069340248536478,301.3417111267587,55.22524193299777
9221739,UCAC4 678-023089     ,56.413829,45.427029,1.5391390386783659,0.6070310510909044,301.3456556669078,55.21968273910093
9221740,UCAC4 678-023115     ,56.45002553993,45.45483081957,1.5385072898787575,0.6076833325398601,301.3512646835644,55.182309765021095
9221853,UCAC4 678-116201     ,328.3220681186,45.58743124053,-3.2065549972412484,0.12253287535141208,2.623526613020468,82.9793833907615
9221855,UCAC4 678-116226     ,328.35232722587,45.59586365595,-3.2070831182918242,0.12269507344883952,2.6444949344513966,82.97009012433385
9221856,UCAC4 678-116240     ,328.36336853009,45.594707759390005,-3.207275825404177,0.12268047410181095,2.6523206801542956,82.97092660530224
9221859,UCAC4 678-116261     ,328.39059337183,45.57248641415999,-3.207750988530875,0.12230674738984867,2.6724293128557735,82.99233956858897
9221860,UCAC4 678-116341     ,328.48698119318,45.53990911397,-3.209433273372256,0.12178826189233619,2.7417482533537947,83.02204659933518
9221861,UCAC4 678-116395     ,328.52985027463,45.54391944958,-3.210181479990865,0.12188065181094195,2.7717964710441185,83.01675304692951
9221862,UCAC4 678-116397     ,328.53131142387,45.53529607255,-3.210206981855966,0.12173105528186404,2.7732010376905287,83.02532429667548
9221851,UCAC4 679-113303     ,328.29710316471,45.60586999559,-3.2061192765982596,0.12284202103422828,2.6051848672845983,82.96167064788143
9221852,UCAC4 679-113325     ,328.32192244359,45.62347186147999,-3.206552454732686,0.12316130582893581,2.6219414888488917,82.94337697668199
9221854,UCAC4 679-113351     ,328.34794189428,45.63815376681,-3.207006579816787,0.12343034831258125,2.6396540308057515,82.9279619778594
9221857,UCAC4 679-113376     ,328.37672820828993,45.60306732965,-3.207508995775773,0.12283299744041838,2.6613826671006984,82.96218766172278
9221858,UCAC4 679-113384     ,328.38581871363994,45.61676300043,-3.207667655024801,0.12307642951121735,2.6672123533704144,82.94824003146788
9221707,UCAC4 680-004467     ,11.63024736082,45.84047146246,2.320759989117736,0.2673012089506748,328.0942257211775,74.6847688683818
9221708,UCAC4 680-004530     ,11.793801392820004,45.87598225909001,2.317905432754424,0.2687896614935883,328.007695228811,74.59948681966733
9221709,UCAC4 680-004540     ,11.812754853559998,45.90267094568,2.3175746324598636,0.2693089319805788,328.00880562541187,74.56973481233707
9221710,UCAC4 680-004541     ,11.81396532671,45.92033160982001,2.317553505717889,0.2695871270926418,328.01674342386696,74.55379540653469
9221711,UCAC4 680-004544     ,11.829563905249998,45.8914503605,2.3172812591637353,0.2692336558614084,327.99259626411833,74.57404781626366
9221712,UCAC4 680-004546     ,11.838122858329998,45.89501707071,2.317131877251965,0.26933784514667475,327.9889181193077,74.56807820994742
9221791,UCAC4 683-054617     ,172.40240335064,46.59582465940999,-0.4852434784345458,1.2437850476999082,93.82495979325095,18.736366145317476
9221726,UCAC4 685-010802     ,27.979360653850005,46.98120028117,2.03541413237279,0.39026286197718896,318.73787107235387,67.63958510801051
9221731,UCAC4 685-010821     ,28.02122058262,46.98094236691,2.034683538791103,0.3905600822268675,318.7130783698234,67.6225556421181
9221727,UCAC4 686-010978     ,27.99942403506,47.05073603131,2.0350639603115925,0.3913746156555833,318.7714654367232,67.57588631438037
9221728,UCAC4 686-010980     ,28.00057411066,47.02793942568,2.0350438877057258,0.3910656831454809,318.75590238757303,67.59358684336361
9221729,UCAC4 686-010988     ,28.01236935014,47.0094803343,2.0348380219407387,0.39089356448401097,318.7369153067263,67.60344851624129
9221730,UCAC4 686-010989     ,28.01416086416,47.0550177688,2.034806754122494,0.3915399957452728,318.7656036063727,67.56641073322567
9221732,UCAC4 686-010999     ,28.036638694979995,47.0010516996,2.034414441965979,0.39095069152374196,318.7171415311658,67.60017537796861
9221534,UCAC4 688-127407     ,349.18731978021,47.44998268296,-3.57072233799356,0.19296842100279027,16.65978070163619,78.94372389723648
9221808,UCAC4 693-053983     ,204.03412443574,48.48268521015999,-1.0373211594420546,0.9196534650006704,70.33345647155907,37.30773784087942
9221809,UCAC4 693-053989     ,204.13254586465,48.50492177997,-1.0390389374310518,0.9188235749995093,70.25120910994801,37.35528703540606
9221717,UCAC4 706-010981     ,22.37072114442,51.15540093522,2.133303358369783,0.4112339436876176,324.63184227102033,66.43803063417894
9221718,UCAC4 706-010983     ,22.3746624255,51.13400758573,2.1332345700381907,0.4109535727656219,324.6161951657608,66.4540947047075
9221778,UCAC4 709-049230     ,148.7550517676,51.66634933371,-0.07251933393380493,1.5254052976097339,82.05564662634957,2.600714400064973
9221779,UCAC4 709-049234     ,148.89369546342,51.61165552589,-0.07493912291299708,1.5239733374697624,83.36906259432352,2.6827596725162977
538192,UCAC4 710-050402     ,146.7645218067,51.91926053015,-0.03777803225650585,1.5455385167185969,67.27678938821437,1.4471659171149724
9221716,UCAC4 713-010332     ,19.72624843318,52.46387876947,2.179458114160062,0.4138321778024736,326.9117298191999,66.28916278521079
9221796,UCAC4 716-051194     ,183.35180675957,53.04088881799,-0.6763466190494656,1.160418284820221,70.61892533666162,23.512929809991462
9221720,UCAC4 717-012428     ,22.74360741948,53.37163600797,2.126795265134489,0.4450155048458262,325.84477220846946,64.50248975445052
9221721,UCAC4 717-012445     ,22.77776874031,53.3380787872,2.1261990376091755,0.44475055824445753,325.8046542748927,64.51767007650528
9221827,UCAC4 718-057266     ,252.45074721081,53.52508789367,-1.8823506395630998,0.5404487055721189,41.29244479204717,59.034570127409125
9221828,UCAC4 718-057269     ,252.48935232238,53.50515551347,-1.8830244258680962,0.5399202800418229,41.289238215067456,59.064846680082056
9221830,UCAC4 718-057277     ,252.53165078938,53.48035945398999,-1.8837626733857924,0.5393039284405593,41.28807960067185,59.10016102553059
9221531,UCAC4 718-057278     ,252.54824808565,53.44990234785,-1.8840523508526326,0.5388008245335792,41.30432359536675,59.12898675605709
9221766,UCAC4 728-047552     ,132.42612616479,55.57921265247,0.2124741811484297,1.4249378382455042,304.8996903588837,8.357075800037421
9221765,UCAC4 729-046561     ,132.42088091217,55.60236237954,0.21256572807674756,1.4247192283759766,305.0350832010724,8.369601222921261
9221810,UCAC4 738-053331     ,206.26976489514,57.53645966282,-1.0763404463493833,0.9582671058353179,55.26338265153954,35.0953391894201
9221792,UCAC4 753-048653     ,180.94675309139,60.53571695702999,-0.6343705138525576,1.1877475305269294,51.26016345699022,21.94707937372104
9221794,UCAC4 753-048655     ,181.00915184101,60.58277359294,-0.6354595774825542,1.1871000720762852,51.14740766173169,21.984176010353025
9221795,UCAC4 753-048666     ,181.2703191053,60.58664544784,-0.6400178061428405,1.1848743132907529,51.18553127928815,22.111702594978198
9221793,UCAC4 754-046742     ,181.00666317898,60.63015102488,-0.6354161421361613,1.1870014754230243,51.02172451984166,21.989825182459
9221722,UCAC4 789-005531     ,27.620252723600004,67.73626831248001,2.041681748125675,0.6633684090208347,334.62663056753894,51.99178990079805
9221723,UCAC4 789-005538     ,27.643249940480004,67.69806981565,2.0412803709723235,0.6630036259338375,334.5845751949897,52.012690432120735
9221724,UCAC4 789-005539     ,27.64972526329,67.73270859558,2.041167355269159,0.6634620244965291,334.6134036230756,51.986426129143645
9221725,UCAC4 789-005569     ,27.8809522251803,67.7108329395463,2.0371316834647906,0.6642739086633846,334.51506640258464,51.93990859292933
538176,V* ER UMa            ,146.799754213,51.90248613689,-0.03839295374984118,1.5452860948761176,68.19624934067711,1.461628623345959
2923595,V* V648 Lyr          ,275.93949458038,41.09663501139,-2.292306618331254,0.20430936592443036,35.29800754911003,78.29393561753618
540600,Wolf  309            ,127.53935872705,45.34174991395,0.2977643627162396,1.3473822367470996,248.5487856635375,12.800684443494504
